"CMC","WL","TW","ST","BB"
4.43952435344779,2.67234396911433,3.96751735906561,5.84567172136291,8.32733457539517
4.76982251051672,2.52909820307879,5.01929817257576,5.80450232356172,9.15408443252931
6.55870831414912,3.0144072651786,3.65597108522187,4.55239146237608,7.15170213604132
5.07050839142458,3.34667234971589,6.57026606430831,5.79025617755201,7.8678999992281
5.12928773516095,0.911870904701284,4.62859128809027,8.42955956104861,7.45125074771553
6.71506498688328,4.02605395965439,3.67374587177095,6.11755496107975,9.41495048604286
5.4609162059892,3.61145087418843,2.01224075410189,6.75704563468687,7.43166664190987
3.73493876539347,6.29572574353029,4.41859638787646,6.42262182144628,9.30227585868879
4.31314714810647,4.39125409361916,8.08074432002613,7.48062405820824,9.86245681157649
4.55433802990004,3.18673928206799,3.9537165561286,6.01834156674151,9.29684369128512
6.22408179743946,5.93016660772626,3.70191376276373,7.80873401125496,10.1051679629852
5.35981382705736,6.2242818757983,6.10909146147791,6.34637258345705,10.6116765961929
5.40077145059405,2.16105674853161,5.17598248195503,4.3914957158913,5.59980349592779
5.11068271594512,3.93582714117189,5.95121524867093,7.38160604160412,8.58162956012618
4.44415886524593,3.45550542179407,4.43473935574922,5.94580269013718,8.51039907863534
6.78691313680308,3.15097720551309,6.13859093469601,7.85684280156162,9.97979241279327
5.49785047822924,3.57818758510004,2.95313727573361,6.10407699560435,6.78557842776718
3.03338284337036,2.82808468411984,4.89589012415193,7.61233706507387,9.18221115532073
5.70135590156369,3.57518280977346,3.62486353040453,6.43023391053412,7.9767922961797
4.52720859227207,5.39108478546018,6.15071938600399,6.38224514605985,8.51295567751557
3.93217629401315,3.65625710766125,5.15362226415042,7.04708051359158,11.5709851733701
4.78202508534171,3.40246576369903,6.4576282244088,6.01977566859471,7.50039651246524
3.97399555169276,5.20637334082964,8.27260797184255,8.70660642815476,12.4088011867217
4.27110877070886,4.61706360947029,5.26287652340169,6.62857503673431,7.24095506505429
4.37496073215074,2.03901696197349,3.84768345617584,3.85314796979281,6.60610850293611
3.31330668925759,4.23456496648491,3.90291365180604,5.74845171263761,9.98469729067641
5.83778704449453,4.90221112132938,4.46511263817926,4.77272663713926,8.40557339418289
5.15337311783651,4.86926441456819,4.85298093996918,4.279981497086,6.10527132329307
3.86186306298805,4.26139268491781,8.04763231537033,6.90556240113083,9.45575409676081
6.25381492106993,3.84507633079192,2.94502489735165,6.66637582091917,7.36228023044821
5.42646422147681,2.17512552136827,2.8724730401964,4.99571289556939,5.8105306405459
4.70492851700773,3.88865301177905,4.26560863873903,4.89429692145377,8.10375148812196
5.89512566104502,2.27701336649867,5.33862235106552,5.54031461040626,7.09747973242268
5.87813348753304,2.77854188564314,5.76672904932263,4.73126536789438,6.2876207976254
5.82158108163749,4.18912935928836,3.39323019278486,6.84035572796105,7.35799175982113
5.68864025410009,2.15651481207883,4.66073909322119,6.59709109090331,7.1292483576255
5.55391765353759,3.60074295481178,4.64268432834476,4.64122258290727,8.50702836153308
4.93808828942328,3.94690555264456,6.64413229512184,5.96458681559425,8.99431865920759
4.69403733626008,3.6467007689616,6.47668786965831,7.5657243508826,10.1057504718664
4.61952899898762,5.43633012213913,4.65409912682095,6.34550515201594,10.0325818697159
4.30529302107949,2.6860647651009,4.82610641159609,6.13634156896943,10.6169280242679
4.7920827219804,4.16850544484148,5.88554732853148,6.92534813998395,9.43566442765303
3.73460364843174,3.79068833801981,2.52817374854276,6.57466350966516,8.39091337051125
7.16895596533851,2.58848096656452,3.84752230196383,7.17164362898784,8.95109826137684
6.20796199830499,3.60170263436088,5.47137042141211,7.13352632697957,8.64480133002719
3.87689141679665,2.81653198427707,4.05609785355189,4.65332741160949,6.76033020075482
4.59711516470092,2.30741453407132,4.56666760338328,5.66868539530301,9.27303079962432
4.53334464637678,3.14551573060354,4.76031435948345,6.48817300930983,7.2862712862161
5.77996511833632,5.01776761425455,3.80019055291327,6.21361384895704,7.44966302445081
4.91663093352817,3.58077549455407,3.3079019298863,3.85413633246213,6.21221167993948
5.25331851399475,3.75543884402946,4.47551719700801,5.47652868116124,7.35195119711903
4.9714532446513,3.31871738892707,4.23154788743074,7.14709094277675,5.94712936309416
4.95712954270868,3.98335386914122,6.10507624745706,6.67131167955493,8.81844190421519
6.36860228401446,2.13773977177852,6.66019394190699,4.84712961943811,9.47253379779272
4.77422901434073,4.72564176226642,4.97482834313888,6.67099672204033,8.44435027182003
6.51647060442954,3.62976407891249,5.16500200990976,6.16050744011549,7.43712329803287
3.45124719576978,3.15817301857736,4.85041590256254,6.8731422115721,8.81514069602094
5.58461374963607,3.37916912092117,5.57122307151446,8.44911743061631,8.90158545751008
5.12385424384461,4.17917534634574,5.18604135879337,4.88888237470801,8.13394187305384
5.21594156874397,3.99294851143141,5.17144429419343,5.86959539885293,9.02692392711321
5.37963948275988,4.86804217104892,6.59263309466736,6.58033834951504,10.8833356790939
4.4976765468907,3.03770928103794,3.2998731860289,3.81443236967626,5.19199087058872
4.66679261633058,4.71609883059122,7.17919195182734,6.75307362140262,10.4947690707664
3.98142461689291,4.84212062487335,5.65277301946681,5.98106500873859,9.07111520738232
3.92820877352442,3.65905423603982,5.2308598354456,8.56908987930245,10.6139773665366
5.30352864140426,2.43301471475684,3.72906013430702,3.00633501347622,5.21456884890363
5.44820977862943,2.27639187552666,4.27841092716079,7.4714415886106,8.74115376404537
5.0530042267305,3.94188568992582,5.39385942612496,7.40838643509874,8.22630745278192
5.92226746787974,3.15219302591518,1.48891744760768,6.43125820064873,7.25088411336417
7.05008468562714,4.66407726116331,3.73981596307329,6.40739597636029,6.30738227873494
4.50896883394346,4.18244731031317,5.83000918991417,5.7910681798299,9.07049842986256
2.69083112435919,3.82080578752875,4.72777351994777,7.38791829690309,7.8542807817526
6.00573852446226,2.17273619416421,3.2242583322289,4.92380211392337,6.99870167438431
4.29079923741761,3.13035855416947,3.87239210081029,6.74517441610884,9.70018646119412
4.31199138353264,4.04929097783754,5.3142184877668,6.80716560515529,10.1020583698229
6.0255713696967,2.74139394203434,2.05512480857938,6.79571600902723,8.06886484323593
4.71522699294899,4.09966202234599,6.21450911528286,5.95057923915584,7.84051058157826
3.77928228774546,3.53187726150658,1.70948723441025,5.2052170464105,6.7763378387388
5.18130347974915,3.34004904728078,3.96880255165641,6.39840430365279,8.04138104773652
4.86110863756096,2.81115773592389,3.51173364629421,6.25411886284705,8.65867844824142
5.00576418589989,5.40331432913874,3.1867322071632,7.66250533444754,8.25453121990686
5.38528040112633,3.7170376111325,3.13290257133149,6.51289045575567,7.46550543707789
4.62933996820759,3.84183165003717,5.25698978268284,6.50966325425565,10.7097187812986
5.64437654851883,1.61482462056028,4.2159061639824,6.71722946159685,9.2997523214107
4.77951343818125,4.22593786809495,4.46568471580777,5.76013557182265,6.44466013887092
5.3317819639157,2.37684182194558,1.0756133153317,6.61084016687069,6.32590316254002
6.09683901314935,2.2794267217009,2.44090708903905,4.6855084677494,5.13231398573666
5.4351814908338,4.28778672377151,4.6309301162466,6.67595489737559,11.4509549437619
4.67406841446877,3.14507882915114,3.45359883268276,4.28295588566236,6.50431546203875
6.14880761845109,1.40698543446149,3.09357327693505,5.92153306491615,8.19606990698431
5.99350385596212,4.97185295310072,6.42106343406734,5.14097432693318,8.4798885871613
5.54839695950807,0.958073986755059,4.57483407686306,5.59845126457738,7.97611409706179
5.23873173511144,4.00119200932615,3.24860210867405,4.33001366763357,7.18905214314696
4.37209392396063,4.70562107189642,4.34698504968705,5.71827108833877,8.14114700175961
6.36065244853001,2.46083639878046,3.98767237021126,5.19110940541447,7.87806690446042
4.39974041285287,4.12436492755569,3.93825090535277,6.76416702792424,9.15113657498113
7.18733299301658,3.28293049048358,2.9682592088782,5.35555632481856,4.60187862393424
6.53261062618519,4.08083996505896,4.55452827783047,5.52671013456087,6.87196264313756
4.76429964089952,4.05480949568267,6.00536855749711,7.73054239579172,9.43888249697402
3.97357909969322,3.56304249099951,5.27869751404689,7.99543141042903,9.54152849602691
4.2895934363007,4.62911402705,4.75070756953875,7.50045362369856,10.4750281073182
5.25688370915653,4.22355724376281,5.42673139734418,4.9563007910246,9.57578964489611
4.75330812153763,2.63743852940292,5.87349711175704,7.55329342876925,8.89027107236103
4.65245740060227,2.20347534582359,4.42188175441065,4.76526599429543,8.27402637981472
4.04838143273498,3.94576311017268,5.66831505003447,6.37016070204927,8.23011737691804
4.95497227519108,3.23954594266749,3.02432668949252,6.67403909813674,7.31011360705057
4.21509553054292,2.74993222827483,4.40574947240648,5.85946517471217,8.74503465497028
3.33205806341186,4.08431326049147,4.48239086632088,6.13461281540404,8.7867558263832
4.61977347971224,2.29407142959942,4.94464144782314,6.21118935784394,8.04955580782588
5.91899660906077,3.38552736860797,5.15595888469656,6.7090809601022,7.30747273703828
4.42465303739161,3.0476757012406,4.60802643108134,6.55970599892155,8.50223846335798
5.60796432222503,4.27477497752497,3.65070026411029,4.46246003237865,6.86589246512362
3.38211729171084,6.40985395364828,4.05958917411354,6.39476823510438,9.43656560038962
4.94443803447546,2.60068934597057,5.06621861262739,6.43687471699467,7.89795462765831
5.51940720394346,4.40184200975994,6.8676204992856,7.28115938799618,10.4533830248544
5.30115336216671,4.23480371911827,3.65934416114819,5.86676189787734,6.47875211377451
5.10567619414894,3.39810291744996,4.16666600004936,5.43206369719073,7.21098234888058
4.35929399169462,3.2385654284346,5.32791155588891,4.91738374605255,8.82930722416146
4.15029565396642,5.33021901064756,4.34505782840793,5.72248427693849,7.68113731690147
3.97587120939509,1.80178081894523,4.8562449136632,5.87717893424834,7.99676733123241
5.11764659710013,2.8215112292763,4.58418551935889,5.47564846342209,7.93552569262987
4.0525253858152,2.34739894059766,3.57985364736735,6.48379057631533,8.44624652310704
4.50944255629933,5.04248067205628,6.32711759407101,7.07294097081685,10.8307342186617
4.74390780780175,3.38612422501462,6.06579421841638,4.80904933182838,8.30647263174597
6.84386200523221,2.42217019896067,5.87295548904507,6.56160069799919,6.7789452084295
4.34805009830454,6.87962944457497,7.28173178121413,7.66590884208631,10.0787621735148
5.23538657228486,3.37934676042691,3.96205134633745,5.83988272610014,7.17634193895727
5.07796084956371,3.03286243326436,3.99651239279264,6.02791046194219,7.04869949823795
4.03814336586987,4.08842224037518,5.39936883191341,5.99093035388956,9.40179594876356
4.9286919138764,1.95296780508211,5.49876284850829,5.82437285525195,11.1918561823893
6.44455085842335,3.55693738514506,4.0574187446709,5.13511329410508,7.81261314743874
5.45150405307921,3.26838558299627,4.03751501688684,6.52109268962237,7.94386267231664
5.04123292199294,3.95615524593226,3.90983105725892,4.95508135314319,7.91963022048357
4.57750316766038,2.64437841376403,6.93333412300566,5.84619222518834,11.0015301477998
2.94675277845948,3.09299032431421,1.259686103816,4.73926339508104,6.51150646089452
6.13133721341418,2.46718417269956,4.19900999321699,5.12901141053081,7.87595628703414
3.53935992907518,3.17020244818466,5.00194569344672,5.85726658145114,9.57576128227822
5.73994751087733,4.57706571342039,3.2361533258911,5.68673033980397,7.04282800270155
6.90910356921748,4.50641449104284,5.21773548050476,5.75866061655011,7.7811026274777
3.5561068390282,3.77627599525247,2.08239384771848,5.62536657966302,8.08332848109191
5.70178433537471,2.93052813880291,6.01676486218211,4.75719634206857,8.08002822497894
4.73780251059753,3.24962041639907,2.28173180856434,5.94074120126584,6.8766065045528
3.42785584085451,4.04087972559666,1.78785126256578,6.50615580718122,7.18187121845064
3.48533234621825,4.05130452983558,3.93955008885456,4.91552950076961,8.32436893236168
3.39846382642541,4.27049523983795,5.37392530288036,5.03356245981474,8.78933635307047
4.4690934778297,2.91259301560483,3.78917418352002,8.23726218997919,8.85384251842432
3.5382444150041,3.09163028667845,4.09407738783472,6.31736339198969,8.96701109356991
5.68791677297583,4.49070263185334,5.3202253414183,6.52483212289555,7.87429510097661
7.10010894052567,2.32133995673898,2.69483327019932,5.55391852846373,5.48191271477219
3.71296952396482,4.189154838036,4.94265347846997,6.86241900859664,10.7909145666105
5.78773884747518,3.20670781195411,5.35974483406593,6.32220895799624,7.64452529436037
5.76904224100091,2.31143793554906,6.93234383924514,5.8406553138624,9.39467074068078
5.33220257895012,3.99140113572647,5.51805760537675,5.99394274414344,7.65473256454179
3.99162339172299,3.97561785597606,7.5697436578881,6.38731952074607,10.1512725861325
4.88054739336934,4.93561913820171,5.68800081201943,6.27387359676075,9.41908052917583
4.71960466482975,3.70157818517806,4.84243433781421,5.52990300485187,7.2887900212225
5.56298953322048,2.999557381833,1.23068289291779,6.70863756465354,7.33950308662447
4.62756124389617,3.89002654013651,3.05238196654009,6.13518343166098,7.96167343011762
5.97697338668562,2.02131633495897,3.92820750663367,5.11936174675065,6.81638898137331
4.62541914223299,2.77648020393651,5.7910648430362,6.87638049199432,9.72902155302459
6.05271146557933,3.69445981146563,4.16249189211569,6.52877123421533,7.99959181219701
3.95082299333393,3.48163220077587,5.74509431299855,6.24642939588326,8.57578262333826
3.73984475524189,3.81208562707497,3.41511910301685,6.48496257655384,7.05703901748085
8.24103993494241,2.41246631009533,3.7145193802471,5.01266885826693,6.17330991406212
4.58314241183957,2.9745446576736,5.08421938559083,6.0099743539276,7.709118734931
5.29822759154072,1.39184306345537,3.87496374353878,4.7908663167219,7.17840400414933
5.63656967403385,3.65786406796644,4.87244170156461,5.09573543100606,6.08138453118806
4.51621937429126,4.40677369535948,3.97746110908035,5.92623657048428,7.21632860017827
5.51686204431361,2.05622515135579,5.04242230094558,6.23282191909369,8.7029881064878
5.36896452738509,4.87171336024308,4.80382998616181,5.53832597127722,9.06881496235582
4.78461949235831,3.94976897597974,4.80419840256352,6.13803697849703,8.7265484428022
5.06529303352532,4.82205238493628,2.04033327304243,4.19891172781057,5.09907030443618
4.96593274626154,2.55304970487925,3.62756467187455,5.48035490457834,7.15224929139785
7.12845189901618,3.0282457186494,2.15050294559761,6.94747957436315,7.79124662704122
4.25866390372717,3.62238686994304,2.49598135850192,4.76633933658702,7.44637904362151
3.90400373292534,4.59730631200418,4.36317073559397,5.15113953709303,8.98259398216274
5.03778839917108,2.91280391233598,4.44005477535633,5.88306734464676,9.14314665412297
5.31048074944314,3.3967581032146,5.13834194176665,6.81493573973031,9.22991451819233
5.43652347891018,1.590383807583,6.05997302475141,7.38366269037046,10.6565884636333
4.54163466728889,2.85988815694283,5.41433846883197,8.89487472247004,9.36473877299987
3.93667386602881,3.94403172385647,6.51920918981186,7.370379375125,10.6697699918627
6.26318517608949,2.41472295478493,3.63326523535252,6.57865175507428,7.26120210345114
4.65034961204644,3.56132563057459,4.37488614299604,8.21835588310154,9.63822006332171
4.13448713734663,3.29172788487079,6.501339438768,6.16803579467636,11.006290732709
4.7637204310589,4.17781400684382,4.91392481227489,6.15041141735714,9.13047342441528
4.80282410565145,4.72764107705413,2.46835547218534,6.33266963199837,6.84974621603913
6.10992028971364,2.34452250027839,3.16535705294652,4.40639388814321,5.99175324174217
5.0847372921972,3.16754225374611,6.22380883398144,4.57326600773114,7.41330387716927
5.75405378518452,4.71354512281439,3.92781781412829,8.10299381457967,8.62397004903118
4.50070798282774,1.45086435096797,5.04268965438672,5.39903735829282,7.92098341512995
5.2144453095816,3.11582861538478,4.70654153939145,5.71547466642338,8.91680267403813
4.67531408850917,5.66211005759059,4.40348298433772,5.51688319029981,7.59732984762143
5.09458352817357,5.66521501061218,4.55941513375622,6.67776711832126,9.29107242578126
4.10463664202246,3.92520433074341,5.56066597509529,7.01402106831149,10.3662189987618
3.68919846667203,3.02963150938475,5.21543319974528,6.0081484684961,8.70078123138722
6.99721338474797,3.06629340406605,6.26236721274646,6.41400378606925,9.96579188860499
5.60070882367242,2.66701295695125,4.26021594333942,6.99047724997234,8.41198737251482
3.74872863837506,5.32819869077897,3.85210844482056,6.36627799332614,7.95688334167728
4.38883408331958,2.87686711930108,5.02205960776639,5.62349553688312,8.64164329018878
3.81451991540269,4.22855562058794,6.12010718564406,6.49168933948829,8.78912777793312
7.19881034888372,3.46020696990358,7.86215992674347,5.85602868844906,9.63056344761228
6.31241297643351,2.3487659463741,3.70992842583549,6.01069223947097,6.4401771539698
4.73485494330365,4.43106819851509,4.46490163041932,5.43646969019181,9.34973661799357
5.54319405923209,2.58911181131407,5.88062747840922,7.66438633873517,7.48102269918316
4.58566005208114,4.25454181402964,6.87226145404897,4.18249658583083,7.58065487681382
4.52375310538442,4.73953570148823,4.04434460450811,6.71887618171013,8.23376325849535
4.21139716214976,2.74813792897187,5.77736679743994,5.79079848600086,8.39882625688978
4.40538273254049,4.78638022121745,4.20941335223804,8.33651784416812,10.8577576765114
6.65090746733669,2.51519488858658,2.93637570782413,5.5832721587743,6.53903497443853
4.94597187491456,3.8105618259626,5.76472984550759,6.91813111111992,9.71784614397273
5.11924523642758,3.66606390136049,4.94176945804154,6.67806897311464,9.46959067833821
5.24368742959909,2.99969738478207,5.24739781049078,6.4847366886277,8.92147022907667
6.23247587848534,3.39836010645218,3.7041273891121,6.5834929596853,8.61182986064034
4.48393616905522,2.4243882238596,7.3835347421108,8.46860217877965,11.5722102196953
4.00749284960796,3.66161527293265,5.94605037707026,7.36865867118111,10.7525711884718
6.67569693240319,3.82308175194421,4.01050408445311,6.37146202433718,6.03469681707899
4.55883678309471,1.45822431584227,5.58903152642782,7.84735459532795,8.76833661356912
4.27693403006013,2.22899360362371,2.87103736019402,6.34820239376262,5.67243877896767
3.76372688111671,2.70894437806802,4.63515743411886,6.75194887092969,8.93478953633367
3.7152842776822,2.29632502254991,6.89219295975094,7.62330784596363,12.2033931879825
4.42602652070201,4.09177508308576,4.66660331695104,6.47486338602549,7.82191991099144
5.61798581716653,2.32167590509403,5.87128907118245,6.95443543789911,9.48073114992249
6.10984813892972,1.00249847299211,3.90101454982449,5.46104673529022,7.67804755117244
5.70758835383559,2.65015472876887,1.09434535578066,5.68651107807858,6.34591927468586
4.63634270290475,3.21846193765377,3.46699906686321,6.04246177800501,7.61597072682996
5.0597499373846,4.33886049256273,5.22597011682918,5.7949915538765,7.86843681777545
4.29540353631993,2.60762680310519,6.9166625564188,8.46329662285845,10.3350502145061
4.28278183842599,4.8764547042109,4.19894774236649,5.80241276759777,8.30502076677139
5.88465049897692,3.63296756593553,5.07621607711762,5.95059813578595,9.45918531794883
3.98440742139646,4.16702993121661,3.58016444225367,7.48649654637799,8.14606004061332
6.95529396549246,2.06088614003776,2.7411544641811,5.69968386140385,6.31576718948244
4.90968040603415,5.48076375808779,3.91968753768281,7.57819412155483,8.88433682380594
5.21453882662922,3.27136751991408,6.7621174049931,5.89766561782127,10.0354894708623
4.26147229526043,1.89666072724354,6.05574339966382,6.18001895973067,9.18196414456872
4.42561131023673,3.46846013553649,5.74692505977151,6.13137090086978,9.80662076365128
3.68298386769476,1.96066076895952,6.41484536534443,5.28721227973893,7.88110246738902
4.81707461162727,3.24436750072514,4.12745643826442,5.80246163748143,8.75652884866512
5.41898240492446,2.95207827533304,5.76932978590097,5.65294406951992,8.63991497351084
5.32430434416138,4.084538387155,5.12847902325637,7.23939993650875,7.95857246788949
4.21846351294525,4.74395713185392,3.50517265561707,5.94638588509702,5.70803522885718
4.211378029146,3.01048162635505,3.57327220615874,5.90478187043277,7.68913919170606
4.49780128165714,4.45676848387788,5.06892447821183,5.60100925150866,9.20470708432351
6.49606066984635,4.47550490871486,5.00536172807509,6.63732900112942,8.54197639258203
3.86269637933426,3.05704708135708,4.39711497731196,4.50618795189673,7.54240652308523
4.8209484056198,2.90131111181473,3.21731754024943,2.9679225135264,6.21430602096758
6.90236182167893,3.58006981665,1.36531828851193,7.62191455904012,6.88866229700449
4.89902511467119,3.71334043554258,5.46000051729236,7.13326284034794,8.58461110675675
3.64015929617861,4.4567271715907,4.67957761760617,7.00517435243997,9.440867345483
4.33523056472594,5.10411512512978,5.9390740088325,4.41997010429135,8.55769837763971
5.48545997890488,3.74144512590493,2.41956005217476,6.60127989373914,6.59340452094676
4.62439712833023,4.66438213167631,3.12599384753325,6.68837066745949,8.25561896997881
4.43812363645022,4.29146837140213,4.81100389823484,6.2877157990456,9.08467070789782
4.65608276587154,4.03679556004739,2.78788661567882,6.84874108901268,8.48220434770288
5.09049664713922,3.85893544404265,1.84083504345445,6.97553460383076,8.08303268680659
6.59850877114583,4.31177067311433,5.83238239704563,6.39945936133705,8.88682798399238
4.91143488786112,2.52430965993101,5.99323522543478,8.2229688104637,10.4449269899968
6.08079949615152,2.07057742199705,2.85352122587008,6.72697749667987,7.2624994663521
5.63075411565057,3.90271976870204,4.33270894510783,7.45969968835727,9.09266297569803
4.88636010449386,3.41440230451873,3.07824697224685,5.6587797766822,6.14472429055575
3.4670979971094,4.03387581255214,5.55965704744589,6.3079070733382,10.2012130545898
4.47888268244748,4.39761257243716,4.94329203199546,5.47855026821099,7.8844587024938
4.51012954686153,4.40025618379062,3.67932831910031,6.619306760914,10.6827945439452
5.04715443276153,3.22318316680976,3.56507799426296,6.28225060854141,7.30846446937269
6.30019867766682,2.79739652770285,2.88145788736311,5.94311171620156,4.00457550166673
7.29307897383109,2.88567491685854,4.99345078474293,5.50118142637447,8.70216981689767
6.54758105898377,4.09874347159961,5.48918763361353,6.20622017065099,7.63001909685991
4.86684903567106,3.96596577597769,5.42957985266982,8.39444362706172,10.5582230434569
3.24347260444236,5.45996572949049,4.06813942263325,5.50005641571333,8.71245094719964
4.61122013592826,3.60899708880155,2.17041210057809,5.46082114578075,8.06744063094626
5.08920722307329,4.59890543829876,5.72276822701553,5.14481849598468,7.49484444834746
5.84501300406744,4.12949840979702,4.47708438976796,5.05025835235882,6.23660457818849
5.96252796848427,3.82332507035479,4.62003104032333,5.97973821516653,8.97984244053011
5.68430942941646,3.70940787795353,6.25195674459064,6.10291739159455,7.94514582882007
3.60472565020053,3.63869990779732,3.66482238703712,5.47862677999259,6.5961402055615
5.84964304563336,3.13606957714076,6.30898696825363,5.64291417227628,9.41406284702147
4.55344278357278,3.86336266063663,4.27670073874018,6.02438258668755,8.26390627369439
5.17480270016126,3.49644808063091,3.67846507443643,7.21025751638054,10.6526444397329
5.07455117717373,4.4208591152341,4.5933269749827,5.99432672800584,8.60761600325946
5.42816676497051,3.26223284732242,5.26013950561706,4.99515198931782,7.60328630111794
5.02467498282614,3.42222058356433,4.44880837222714,5.11160253886803,7.14315091252228
3.33252490241434,3.51592344171003,3.67674895007257,4.07455320969626,9.22724979222235
5.73649596477344,3.14071488202464,4.18819641940151,4.38882037299585,5.77898212605782
5.38602656834968,3.31542638719125,0.876513321119267,4.88137077348361,6.34149346527248
4.73434837472178,1.26595971368405,3.71697417803567,4.77102462252358,7.91194006563725
5.11814451104668,2.09972494947168,5.23118639207229,4.95061059063048,7.47083475529313
5.13403864536846,3.3873014964375,4.48409976586223,8.16995384315238,10.8091292261843
5.221019468561,3.1684103845672,5.72460022079277,8.08508267350249,9.06877819525479
6.64084616597749,1.80687682199932,5.00387824936496,8.5860225613176,9.11914008109425
4.78094962106652,1.57417693763702,5.48745421701896,6.83574057473973,9.63684595136919
5.16806538388466,3.09521116492118,5.6731392846937,6.15400402260297,11.1694714735598
6.16838387306909,3.80298060377355,2.03731836754427,4.83278415124706,6.58284994848278
6.05418102337692,4.95698432491449,4.8416600152583,5.36903038888971,9.41522082185532
6.14526311038036,3.11796427317655,6.99100617632967,6.01947161995515,8.31857103078809
4.42253199894044,5.16642524094558,4.39085614573414,7.71411313459841,7.53803153380658
7.00248273029283,2.98227733854812,5.07617285486914,6.8752380913517,9.06406916617589
5.06670087093018,3.5955218429805,4.99441374227745,7.17799053506101,7.43105279061104
6.86685184470686,3.26476975993669,5.29520602506651,6.09687494001387,6.60708938076287
3.64909731396929,3.03469356054829,4.49979426123108,4.576536830341,8.68929682243665
5.02098358635424,3.44198671119885,3.79070152395269,6.41130590705231,8.03683365429216
6.24991457096922,4.03347332750149,4.77547508002831,6.10673028906497,8.78815613781861
4.2847578127772,2.96484686931465,5.11373560453574,5.90782906392822,10.2300539503889
4.24731103178226,3.40420062057736,4.59553500379347,8.3841335720479,10.7036547578684
4.06146129639311,2.63379086062281,4.83301043217413,6.98971147713809,9.66910641720577
3.94748672066126,4.17010618025098,5.65042081947462,6.24467284627152,9.9205707582372
4.5628404668196,4.05594764234314,3.75969024063484,4.26889926292338,7.33398521688938
5.33117917295898,4.04899359933639,6.5171886497537,6.29828586663976,10.9836578747384
2.98578950207928,2.88445311785931,8.28593994848689,7.66594788005212,11.8340174958899
5.21198043337229,3.54364090474308,6.96555706380788,6.94920068799689,10.6797305344891
6.23667504641657,2.18493979442518,3.71061293613994,6.15644027760028,6.49874030811097
7.03757401824044,2.88834314581185,1.64328446558704,6.72483778083792,6.40827375276357
6.30117599220059,4.4522711223459,4.80396120518619,6.21942486191499,5.99359530848627
5.75677476379596,2.76944228392694,5.87230995892575,5.95046081121114,8.74740508123311
3.27326960088567,4.73470244067312,6.38637497287162,6.41419547836274,8.6027006191232
4.39849329199322,2.93078342831834,2.93522335838115,6.61441394546563,7.8825469506978
4.64795354341738,3.12708572652448,3.10214706135095,5.66503678721699,7.28429363263337
5.70352390275689,3.72766457975955,4.90423805386685,7.05508653748302,9.67027201216393
4.89432866599623,2.85258912974326,5.63286108762734,5.04463391324699,7.73878458315393
3.74135137193983,2.17462975327262,6.07438925298311,4.96628782955634,8.3596195493463
6.68443570809411,4.25983772278509,5.86089827061208,6.64549400731602,6.60640814490143
5.91139129179596,3.58693985034106,3.19936904583203,6.77832949241399,8.24467445315492
5.23743027249103,2.8451314776926,2.67224759648026,5.41995394510372,8.03980028004623
6.21810861032581,1.14048862957166,1.21957733594795,4.7765885499099,5.28476225985096
3.66122571276503,5.8038420575698,6.07879149831244,3.94301886647344,10.0266528368003
5.6608202977898,6.6921247319346,6.39686301377586,7.33766903607753,9.19318185036918
4.47708762368658,3.86435412024948,5.411866007722,5.48857804045291,7.65706493262884
5.68374552185071,4.14468299095598,3.18045395134882,6.50134544752879,7.79654688997226
4.93917804533993,4.74280689847218,7.32211945289386,8.2369506756583,11.4901483856346
5.63296071303145,2.60830735255196,3.99108205938299,5.49398936586291,5.99583105476813
6.33551761505939,2.74814848592564,7.13045217287348,7.17851548037375,7.98464337891716
5.0072900903169,1.77069193625973,5.34161328451229,5.91430000981817,8.67146049193902
6.01755863695209,2.4581541766425,6.25155529858185,6.67506105699531,9.53672001013702
3.81156596485202,4.47893999343051,5.59600944372838,5.35544303029427,6.60661347671424
4.27839555956399,3.42576534288993,4.77512712534908,6.64795746516396,7.29399657188844
6.51921771138818,2.83002315240047,2.92779871359202,7.16863482434784,7.74829962402968
5.37738797302393,3.27422405659031,3.84675412724792,7.86485858319684,9.59358562322952
2.94777717956627,2.25199986363451,4.8249716481956,4.87416507191743,8.28952189879953
3.63596254791762,4.74684116985638,5.58974289526838,7.08417261812593,11.0829951081163
4.79921898441088,2.11674141574132,4.54779954620292,5.49165697352588,7.48625424847182
5.86577940433449,3.03169601628401,4.3079295081523,6.62366445676917,7.95278940811887
4.89811674428478,3.09200151465574,5.00431099096874,6.03598301338724,9.91064304560988
5.62418747202065,3.09414994153761,3.83393630653127,5.79117967160882,7.48132563768564
5.95900537778783,4.67226433139944,4.00308265853248,6.98340154522951,8.13551305285097
6.67105482886294,2.41662363342575,2.17827826820039,6.43543681197976,5.73856490148028
5.05601673327496,2.70009738430562,5.91601930305661,6.5714945408904,9.28836083305366
4.9480180938191,1.99594057691042,4.62758692446598,6.45757850725274,7.91910989363252
3.24676264085773,3.22027312613143,4.87059022265003,6.59208991485051,7.63319549546489
5.09932759408783,2.30401701440591,3.46932549088534,6.14437537734668,6.79662752444167
4.42814994210444,4.07950121361696,4.57604189487327,6.38956162638049,8.47289269319591
4.02599041719591,2.92919862883335,3.20530694819367,6.83578606231888,8.57378208435505
4.82009376895246,3.8580139043424,3.28174199177937,6.78086267667361,9.17130072298993
6.01494317274366,3.04908956032898,1.67669430057791,6.50280041770806,6.72230431686755
3.00725151131142,2.66426236669577,6.42109978728031,7.46977282159051,10.6151289755817
4.57272071279457,2.83757600043893,4.9286744163646,6.71427489553508,10.0985197605251
5.11663728358271,4.35012126998287,3.20985803462838,5.98099856699702,9.9638297804382
4.10679242994505,4.67103835697105,6.83031679467275,5.63573284950131,9.50487010047781
5.33390294249923,5.40540239155086,5.94761244241142,6.21491977129275,10.12569052039
5.41142992061573,3.3729907154155,5.80780753109696,5.50716481967607,8.97909707202009
4.96696384072401,2.01408403380066,4.21841217854727,5.63636584487694,7.86455749704886
2.53410180623997,3.47135243111285,4.50627958385244,5.67135022960441,7.15428913428146
7.57145814586664,3.13705106108016,4.18775958427229,5.90203578092592,6.04876167874942
4.7947007425318,5.46172611213518,5.70708978979688,5.65142246701556,8.20463189909248
5.65119328158767,3.41465113896342,5.86439058856804,5.76955414255576,7.44628786918337
5.27376649103655,4.55825687781751,7.27687728295254,7.13085728119344,8.93311074605195
6.02467323481835,3.96067933424676,3.92679530870835,6.39672714994588,7.33896645044972
5.81765944637409,2.08661054397044,2.91699554241223,5.34647123138526,7.75655904282951
4.79020682877149,3.39182529910369,4.94153076896547,7.26282574226139,8.26591499760332
5.37816777220851,4.69181120468513,9.43020279280707,5.47717265829076,10.4205957346265
4.05459116887611,4.65971875893308,4.44784537088299,6.84889322803283,8.8235400365477
5.85692301089932,3.706719238298,6.39599126078694,8.08523714198336,10.6909447961804
4.53896166111565,4.11542574704219,4.57182229851134,5.89523944858441,8.45638305057761
7.41677335378821,2.28356269365413,3.51220354433407,6.25694985373908,6.74970436570327
3.34895110431181,2.67592935536225,3.83342105434623,5.41811455813199,7.7019979555288
4.53601275703399,4.93462196372111,4.74292443942666,6.42961692423208,9.66376424553361
5.82537986275924,1.8321665495053,6.86369470932506,7.11998265094695,10.8010198110808
5.51013254687866,2.40806431623057,4.98745984624794,5.19531414297821,7.90677645932971
4.410518961485,4.30580930407434,5.71528723621133,5.94834368329371,12.3393906261
4.00321925779248,2.53683967327266,6.03814675097042,6.81847131102131,9.82402811570541
5.1444757047107,2.904786875314,7.7716589449195,7.01717656275948,13.260451422087
4.98569258683309,2.3214927171676,5.76379828266947,7.01965283178787,9.26356900043015
3.20971876273594,4.65774792890817,3.07653734549793,7.41289098805743,7.39011959951652
5.03455106713385,3.93594769649794,3.28494249120539,6.85298626993702,6.63037737354689
5.19023031569246,3.86481559856595,2.41700512204329,4.8646405008782,5.69326074209596
5.17472639698184,3.89004685305108,0.534477913569706,5.81746008153708,7.58448642120324
3.94498295739732,4.37375085915974,7.00041607695327,6.30703762016799,11.7790569677279
5.47613327830263,3.99651650847973,4.03747167310295,6.19924072912461,8.32551148275407
6.37857013695924,1.11776740223801,4.80333560635084,6.80552780667747,8.56149894429856
5.45623640317981,3.21431271768619,6.43613822689183,6.72372308555604,8.86048080231396
3.86441152962566,3.9531403536642,4.24556028173508,6.38499345551878,8.09283666040876
4.5643545303081,4.35536984355533,4.76620082399375,6.24812085473458,7.96351592508129
5.34610361955361,2.20868283812863,5.05477115207294,6.48653660338722,7.76166243500767
4.35295436868173,3.19451349957957,5.16505270236111,5.07530974173296,7.83907702472602
2.84235366498472,3.07365090975342,3.87322171233315,5.62048286930587,7.98722105686698
5.88425082002821,4.29196496670122,5.85738053701084,8.13897786159964,10.1730163208565
4.17052238837548,5.02791586669669,5.94706231411188,7.26236957041899,10.7073256586093
4.42643972923172,4.45974480658972,4.57232181772146,5.39301596688188,9.81527375504403
6.50390060900454,1.82642643472165,2.46480750756906,4.41512843199433,3.38978637255066
4.2258550703946,4.18419559561828,5.94375147213643,5.55986180657391,9.55658429309659
5.8457315401893,4.39672972432413,6.92392921149272,7.27825569693583,9.44433135984929
3.73931712118122,4.04614584438209,7.11680054856416,7.10760092352455,10.3500832850216
4.64545759692602,3.04025338802622,6.06817121885804,5.79768138789152,7.43303915466612
4.92644398086352,2.43594856512959,3.9017230846615,5.58196640656973,7.73838909846432
3.83134857557564,3.18529263176715,4.1060712291929,7.07193264866961,8.28045540321031
4.36525173509109,4.40527283542201,4.12447603017079,5.9723887198729,8.65809110923334
4.97115844707169,3.07699136549657,4.09832813428248,6.01788864512169,6.95683582668055
5.67069596873393,3.52640614931991,5.74213495896797,6.74281491340186,12.4201885268911
3.34945345657489,5.29010975869784,5.67569357562193,6.46254286963907,8.94723797299255
4.65024576078873,4.18326121223284,2.14541143825941,5.21427449317104,6.53754135006769
5.75640643854548,4.63775084990989,2.04132021698298,5.58891938487752,5.2837910342005
4.46119084002241,1.96006294533287,4.59057967519504,4.9015959578805,7.63643848396501
5.22729192167294,3.15113614378433,4.91348475423827,6.67900575071106,10.8395830892138
5.49222857006443,3.41739944847286,1.22756411870833,7.02878465759472,6.54439087719441
5.26783501533168,3.99823878700901,3.58488972703344,6.38173191297546,8.48638067169083
5.65325767947138,2.13481607462962,4.51357548681876,6.8099879604111,7.46069887669046
4.87729133902262,4.3429974537405,7.1125347899724,6.06719481162261,11.1773118532044
4.58632348640788,3.93149303023997,1.88247233909139,5.73178602913614,7.44095138771671
2.35685104797102,4.55675069921341,3.44681853071339,6.06442322789541,8.09624743241714
4.90705898152053,4.03636709714889,3.24893594651692,4.66215483145066,7.22316074123759
5.43028469635999,3.25455615121501,4.93673483620153,6.31758659064357,8.06818314356479
5.53539884086815,4.26492644623867,5.30568797292696,6.91482942184386,9.40480762754598
4.44472164868675,4.31481327912547,4.49947989761522,7.00555043204991,8.1652299080132
6.77950290977515,2.81593975289976,1.98697249454371,7.03609087789122,7.26294638199078
5.28642441962882,4.45444969345205,3.92937516577701,4.78492429210686,8.82575832209443
5.12631585845889,3.75466392740852,3.95352323035862,6.77387953268568,9.575936666107
6.27226677946852,3.78707136559891,4.32334876129403,6.93363709186654,8.4245787275779
4.28153377868074,3.12136222477156,7.26030203861114,6.34722383148263,10.4248260583888
4.54966137607529,5.21553342416333,4.08472501155621,6.99749809810656,9.14275001333994
7.39745248004976,2.77677531163509,4.42129503244584,4.66517807687044,7.48263531828088
5.01112918722089,4.34450401272721,3.84190871138558,6.44235658255769,8.5236081189449
6.63356842140831,2.90981294768482,2.5810949053756,2.69454798656735,5.59048419471645
3.56149335508548,3.65192208649376,5.96748615651414,6.75496953959665,10.574442033544
4.8094831979571,4.34159328589288,3.35387349371125,7.75588347194496,8.85887904735652
5.37842390363683,1.80185618431778,8.56632862653543,8.09721474933622,11.9008515505618
5.3000385452058,3.88835458423229,4.9270918125948,3.66264757978817,7.23269363483379
3.99436374048916,4.19525725084807,5.12051439067185,6.93239258891213,10.4399943798566
5.01925927462537,0.798892848487872,4.26712721956308,5.41018201586066,7.40269953512898
3.92257934688802,4.19160352446685,7.80582193669691,6.77460576107811,10.9149530523695
5.71270332524428,1.11777125507971,5.30665085508072,3.74752986081057,7.27447313970412
6.08477508986065,3.83437184993453,4.28595354838913,6.60308931092368,6.93645683956842
2.77501230351259,3.71358257556503,3.39150083089161,5.53904182322561,9.55409239539161
6.23569346230014,2.43435513607506,2.87170760999007,6.16979890080864,5.86404265707861
3.75895550319151,3.86546704586988,3.83849277339579,5.96437577253323,9.70298129285029
5.45476926898263,4.7366212642892,6.71470044576345,5.69226070113561,7.95310639013896
5.65990263814261,2.66670613133932,4.26754816032315,6.37333447985653,7.07439679924966
4.80011017189857,4.11807024237921,3.76189607655236,6.77706401915087,9.2103244701669
4.35488604314021,4.03469205547982,6.14006011867135,6.5805321135534,9.53659677168836
5.16532102124205,2.27088506448583,6.58360463501982,6.89527504236393,7.82812059089146
5.43881870071445,1.62733237245169,3.38647982465361,5.28806120082982,8.66516341458969
5.8833028199487,1.24242338277625,3.63646926836057,7.01663471273051,5.48470343176221
2.94766301609805,4.66697530663847,5.77582312366674,6.20844748274012,9.12054407544389
3.36362073194098,3.95617171888641,5.08161599323787,5.7760162669727,7.56302849405257
6.43040234118818,4.92145100125417,5.38320700623706,7.58729148360433,8.34512080633146
6.04662884711155,3.75968645412958,7.22825642970985,7.76307361365379,10.1656946119683
5.43528894890768,4.2191092064103,4.72699320744395,7.02257099917922,8.36712574825828
5.71517840711106,4.61983006320163,4.41464434711222,6.57567782147318,7.63023557153796
5.917174917641,2.72412842674273,5.24916471770694,7.79087995631555,8.98935651422561
2.33907720153432,4.80837476776819,5.29637784032514,5.5050719973005,9.7342594489571
6.11027709663882,4.03571014125251,5.63046254899123,7.58769589647807,8.30920880199212
4.51501240343767,5.01484796697172,4.73901860739972,8.17747382064066,7.57738502599437
5.2306168306312,4.19346609713701,5.50971146157753,6.51008620794391,7.99180623822028
4.70484219911642,4.00969451330241,2.55011678577606,6.56969369880717,5.77361057137086
5.87196495407874,2.37018646650515,4.49558871431905,6.63956847076627,8.85413134477725
4.65152755104439,4.33410209564438,4.17806220076447,7.4704066527717,10.8337817942797
5.51850376588825,3.84471474265181,2.96311778323824,5.16236445226273,5.70987767291391
4.60931502136102,4.2514557472986,4.3267172971351,7.18243215001402,8.02541327085964
3.90721279089849,4.25148120830271,5.60963268074499,4.77022001718823,7.75150733192005
6.21001051044026,2.93515880215792,4.64728668978834,8.21427036918203,9.73516478165066
5.74090001127427,3.2008640981837,5.6592202568181,5.75767289395483,8.44343125485094
6.72426223915645,3.67008544153458,5.95322234508704,6.12730520250654,8.83950669407814
5.0651539325793,3.65208532715075,6.03073575377751,6.71130833878903,10.1164303519427
6.12500274582817,2.33239060192456,3.94437441370144,4.69120269214023,7.1156220632587
6.97541905401908,2.61721516398861,2.35403511940985,5.48279269927378,6.57607792587248
4.71851788496103,2.26531891033518,4.21151769893758,6.03301293185648,7.07229289619115
3.67704888724478,2.92985343115765,6.64240383635315,6.09587110194853,9.83652963214909
4.76064843286188,3.42719440000592,4.6177673477095,8.23303832350179,8.90503999789397
4.78595876001462,1.76607981562069,2.09108068177323,3.79181342365265,4.72223424507946
5.15168050450932,1.76595337405563,5.22921576473661,5.94388695517692,7.35689481512662
6.71230497731928,4.0888737062403,5.02921427537821,7.54656048583607,9.54057493739665
4.67385610749465,3.02122424354017,4.15120018761855,5.23969886021027,6.52536009388064
5.37300465580492,1.53640687370704,4.68455258696932,5.79419279729547,7.68584280304873
4.77231593510447,3.45544198003968,6.85655041105828,8.49008375543783,11.7469557584315
5.02045070852503,4.814934054664,6.91796664255611,4.89258950693263,9.22635728448575
5.31405766350626,4.06803699788276,4.12865155983829,5.42590541850008,8.30400265722107
6.32821469603699,3.54291878954254,4.59820290681292,5.02275969187526,7.6105747790441
5.12131837749078,4.64735039903261,2.74777108582991,6.7387896070193,7.54587765825526
5.71284232003111,2.51464586288977,3.42864054247568,5.02536443784423,4.74214798418796
5.77886002978353,3.99603118241698,7.74493626909279,7.22895072069328,9.56656096808309
5.91477327085563,2.63848240296445,6.75557089808275,5.76330161295051,7.51521897710692
4.42560544781562,3.67308255201783,4.54323947770563,6.07992274480004,8.16325464625835
6.62688121419468,5.22640095508172,3.7512302431789,7.20285955911574,9.8803994885864
4.61904326070599,4.58372141749746,2.94476677776612,6.26627698291807,7.89612997932359
4.89421583235025,4.29974296401214,8.09990685039483,4.91924201819469,8.83274182360131
6.40405026771417,1.97045700786759,4.50690559828072,5.43571692346102,8.29838359444069
6.29408390614558,2.32553890816161,3.51379488625173,6.58949516683864,8.02538439256165
3.91000812758876,6.11111404198497,6.94726689408631,8.81890546004952,11.2387328569266
4.12692899958254,2.66862053615193,3.13187498119704,4.7552481826273,7.06515873155444
3.64192094062939,4.12190309309626,6.16184361927971,6.31394097076686,9.63563833554105
5.18184719261983,4.33801690185112,7.03473090974259,6.62432229188417,9.68536769819016
5.16484086791847,4.46930571196672,4.58041448717474,5.62489154250904,8.65624691232341
5.36411468735506,4.47987760471272,7.0442858534287,5.34599169566545,9.17714957585193
5.55215771421856,3.17122369584922,5.60518704435847,8.15525821137521,9.03198289648144
4.39810715401498,2.85958115667551,3.75100967207914,7.46992308373042,9.68559501023668
4.00630140890129,3.49085234434097,5.78415174483715,4.98446389676891,8.08338330893088
6.0267850560749,2.28986647463807,3.38269042335108,3.96691140257052,7.57332737271955
5.75106130260632,3.90175035233309,3.92162727161411,5.8961404159848,6.62828169586856
3.4908334626713,5.07310498962472,6.3989176389695,7.15123119948039,11.126726136902
4.90485254915071,5.65575778774831,4.39920369278144,6.37945755402476,9.68518622442362
4.1040521772435,4.13489872975867,4.967985914547,7.49469729205965,10.8119040847837
2.92924892945804,3.2464439439689,6.57609139660318,6.22685180807466,10.1176111878552
5.15012013118814,4.47943882363678,3.09102721046946,4.97002208932528,7.66267674035633
4.92078829074141,4.42852240647289,7.31910091856777,8.28202579170651,8.69460653898545
4.90263073248692,3.2909620843511,7.82118289276913,6.4327950027554,10.6101726388077
5.21615254180123,1.87729933358732,5.42089389383288,5.8107553970741,8.4200767543751
5.88246516439659,3.99657034607494,5.35001253845699,6.13882914855879,8.9912594335317
5.20559750448339,4.56746514429661,4.15964764443214,6.36507122206753,8.28887950514486
4.38356415712647,3.38982292215612,5.5873809339935,4.02791868875565,9.34902104714076
4.26520074807872,4.25668259393441,4.24574902247308,6.9586618744789,8.72547439358645
4.86819720695882,3.26365036316184,5.19157270080788,6.98951535830707,9.87700466547002
5.31001698657895,4.08931014916383,3.78695496202604,6.81068495748935,8.0688570835069
3.96031964729796,3.69461339109576,6.14274974061542,6.06447884958014,10.1752490081298
4.81569113115762,3.21061679673265,5.79629211128178,6.45034476308303,7.96577589135007
5.96726726016791,3.32144032014684,6.46762447107383,5.03344704703861,8.97019836902822
4.89171990876551,3.24907871238805,7.72691838918713,7.00617991950674,10.0202707346088
4.30157933240561,3.11850903582403,3.85287670358404,5.22865250385642,8.21494789088903
4.72405483157446,3.26684661928526,6.23070270649765,7.74152532372606,9.22117353370452
6.11464854536198,3.15745328406587,2.41551954016277,4.9101223556435,6.75860244188418
5.55004396121414,3.54248195235423,4.01264006069898,4.07418291902252,9.81491923270642
6.23667580008161,4.66142088160136,6.18191178914066,6.79915908457427,10.5363856233107
5.13909785716177,2.10027281189798,3.43659251765685,4.19997366678737,7.74302274426217
5.41027509649042,3.17729842049993,5.18351454841828,5.32627532622843,7.47176993034552
4.44154308765187,4.29906020148527,3.6279605262321,6.99308539930012,8.85876619397233
5.60537066893033,5.08040970276377,4.36572979890243,8.28925267388923,8.92700463787761
4.49366645781076,4.07791442527227,4.87644180544413,6.08047534459262,6.69586309708716
3.57943449530426,3.91241623493332,4.13146911133529,7.17823409962087,8.98290991025901
5.12799296568413,3.1540452006984,1.78512970052759,4.36351237349194,5.70658580446885
6.94585121773144,3.33055279878886,4.82234973144998,7.95343669381969,8.51992240966997
5.80091433957306,4.24878361832447,5.4795305349195,6.45415994153146,8.11447250868921
6.16525338994626,2.96656567247007,4.72526870347029,5.37389491297156,8.23530941200553
5.35885572309315,3.55610468991861,3.99646575649135,6.53042948837713,10.0384859128998
4.39144282168378,3.89950349763925,6.27651458728398,5.71715377603134,10.395914204328
4.79775914488972,4.28994989074274,6.54013210197008,6.67483532915557,10.3485652367754
4.72675189318807,4.69335483906827,1.43448415780715,6.02094789125313,6.89208435483845
4.53130022021791,3.91977075087426,6.59513283589212,7.74635908407819,10.4339582521726
5.70416728392972,3.21257914327391,1.95694015817136,5.20883680131975,7.45874414798686
3.80263649763459,5.2538721829182,4.7008598091394,6.11786951048508,10.1699589601561
5.86636613211277,3.40462427797175,2.96697905123993,6.07973403837786,6.58486323486611
5.86415248622589,4.81860623292571,3.89800938762033,7.20486682081523,9.15558045923064
3.80137764093125,3.79766405010107,6.97476861446183,8.51146189285785,10.0394544122131
5.63949199790053,3.92207536482353,5.54415758746456,8.00212139851366,8.32468408905015
7.43022665234451,1.22484341005141,4.81003964226886,6.86548781163121,9.46145640080654
4.44278451805839,3.55477268324508,1.74980957776078,3.89261036204642,6.08103543118203
5.84490424140807,3.22473418761669,4.90146250604364,7.16625425792429,8.72967878485401
4.2177981543806,2.97631513626928,5.75698227809415,7.06341498432753,10.7021023891426
6.1107114182028,2.13089369011686,5.69444805587753,5.47600413487733,7.94428494195046
5.24982471992656,4.37321188657384,3.40863704928425,5.60234712934446,6.55889781386121
6.65191539162316,3.91858411644077,5.99631488676863,5.11808450553943,8.03479086449097
3.54102927146308,2.63895922371462,2.77188082539483,5.79907903258681,6.16043488437583
4.94870211387464,3.93976816077195,7.4567744353491,6.80011140509646,9.67649597113294
4.4730748238744,2.54553223288259,3.51291717598593,4.1552169506857,6.88809697285184
4.8027351309237,2.50810623454133,5.80334224569667,4.66537963906066,6.87070420521359
4.370421257314,4.21428607107216,5.45344673976688,6.62464499904323,9.47564170241712
4.166156419465,3.06412907406745,3.23929512177104,4.91862969100805,6.67976673595967
5.57872237461645,4.31986326973728,6.52755911837102,6.32789703584676,10.310316660497
3.91241928592307,3.86479781329842,5.04292204304739,7.3438746645625,9.34738860296272
6.48403093155628,3.59093969631884,5.79364797698615,5.9817769497124,7.2030998140786
3.81379341468625,3.33223527770796,5.25505440818657,6.41515776771113,9.54881145981162
5.10107915139528,2.31845491963782,5.88535224385125,6.84634209910652,9.27219782686326
5.53298928682648,4.25485545495481,4.84080070656637,5.23969071320704,7.86736787738834
5.58673533909263,3.56205088983493,6.36914030715087,7.73235570149305,10.0315086130311
4.69825333613362,3.35145623970521,4.26970913816905,7.06019016396086,8.39162731647557
5.0795019953284,3.54538472794722,5.56081488726602,7.63889523527645,9.24146338934591
5.96126415180968,4.53752909705634,5.35429702515291,6.05757281543123,8.96943307792311
3.54353408292357,3.23877314050286,6.22007552428446,4.95450771011674,10.7966150003282
4.21826028846792,2.98511346899644,3.88346423464398,6.54144960532694,6.59945903110196
5.32040231431661,2.78426425299766,4.88611653760396,6.76908937037449,8.56376161574807
4.55521802166301,2.04844332529123,3.75373617684646,8.41069554917709,10.2398109592754
6.370003993971,3.90862693931244,5.99375018040138,8.20484949400702,8.37208630751512
5.67325386335484,3.4903934877378,3.71754137444482,5.61630746481373,8.56443624884401
5.07216675241476,3.6855219484935,7.39036132397693,5.65460520067761,9.1143891460641
3.49224268246332,3.90897984091332,6.24806797682617,7.14454613610482,11.0071621048975
5.02610022532624,2.98200949097802,4.67282442156701,8.14146757942515,10.8704716884673
4.68358413180301,2.77150614668287,6.52248301504072,5.21096440875025,9.8918668925306
4.8976534864794,4.38256035734885,4.79584962042304,5.59625988807929,9.45130838272481
3.81844077294431,2.42828309519655,5.63636977079189,7.95739291780069,8.06167797672876
5.49865804382992,3.79070152881643,5.53609812277063,8.23620692990504,8.41332650515107
3.96104355969297,3.01907528133443,5.49326240686171,6.4714070676759,9.97938397128091
4.77377801855759,3.85017680897819,3.96631347399942,4.5522432582082,6.43898636048862
5.38142582945135,2.64488172897444,2.71325196852667,5.26114952720192,6.2827559205828
4.21648421098695,3.21171305401988,2.32688326179419,6.99820828784713,9.36017433707054
5.58299140568006,5.09446849532299,4.24227702494453,8.55424540291744,9.281558775382
3.68348959834831,4.56323573942902,6.15615170946581,6.59203157716169,9.9460136824576
2.19022532103946,2.1980353794125,4.64261528350173,5.39465246547313,8.89695811405605
5.46496799078585,3.48692201886456,2.89826670400989,6.26306562468069,5.79678344931453
5.840539826961,2.79602511565448,7.77803919622914,6.73098825067463,8.03772382763911
4.71415457640862,2.44912743929975,5.71326006400658,5.31502281930542,8.41071336726218
5.50412625459161,3.55854801405371,7.62809041431776,7.26987993797491,10.6020734692458
3.84408347491633,3.97674047354446,6.83945308037615,8.01287334087932,9.56958503950823
4.87285139317434,3.20963800947962,3.83344931489902,6.06958352594225,6.19459576599428
3.05848162395938,6.05515908014964,4.83161981355836,7.2587670346161,11.0973099114226
6.18118089143852,0.896955665751886,2.04634474874244,5.69358009537148,6.90448841660072
6.85991086154316,3.78024612881554,5.64876046975538,6.87591708359649,9.00046930374834
6.07401226028199,2.88877305145283,6.95770299701663,6.26334831686056,10.0980172506007
4.97265303358626,4.1647175005035,3.49808235292869,7.34729603592844,8.98837155141738
4.96666965772408,3.05600140204409,2.91010329141924,6.12671883746141,6.47624051974964
3.4839323768489,3.36095572450023,6.30557060469442,5.94713749742846,10.9829361559064
5.79038534388823,1.55250473043891,2.08959935458151,6.17677274324012,5.53967185794864
4.78926581930822,3.35377182593479,7.6670932376468,7.61042728531816,10.2444656130389
4.34325707463892,6.17576867896541,6.13308040735834,6.7718444998069,10.0487552449611
3.58797420734169,4.91330994592686,2.62645778002994,3.45280074807259,6.88543805026575
4.70023750335373,5.26550090482071,5.61716785381868,8.26856470038322,10.6521067764743
4.15093886498329,4.66968365881905,5.23558451779186,5.73515967785525,9.70158863121943
4.60296947967216,4.76337186406021,1.3214400578812,5.56357788066743,5.79164884666946
3.7824000122364,4.76815641082819,5.08507641430284,8.09661566356463,8.79045974625635
6.6875894829457,3.46911558688139,3.6363377637898,4.16777811409852,5.05928905681389
4.98399747279203,2.92227198416538,3.35979568757012,4.83576579032922,7.678664886872
6.07494507727239,2.64458173949481,4.84352072895939,5.37376466151674,7.21591038792814
2.39830032974235,2.67966990470201,6.31854088968466,5.03685024903011,10.1312875660885
4.54680217000516,3.63014163511846,7.45301416958807,7.76576169467073,11.9736486748689
4.32451770840793,4.60200036333433,1.09286092909584,7.11872532750802,6.70425206806282
3.77707382063409,4.89880041033585,6.28367598017021,7.17824758967643,11.1448312040012
6.54660915422409,3.13114995818819,3.05915445359168,5.48913983604013,6.01061096719802
3.58471808023051,3.37695695870894,6.70333107984253,6.08836323017058,10.5787738078143
5.31839026040802,6.69500036519612,5.72528402695497,6.29496958661533,8.91684530072586
5.84643628557969,3.98275464557652,6.88788351209017,6.10588935736817,8.30787247250975
5.17819018841802,4.86711824835373,2.72919725035537,6.62227291867634,8.55230938087878
4.12474452250448,3.42489600258133,5.63696966845479,7.26854321604817,10.5254630319169
5.94116580672417,3.17969263092816,5.02851803068255,5.77465391222285,7.15651339644008
5.17058808184084,3.89743067315448,6.38081975757618,6.86072796357646,9.59024043258503
3.93650209361796,5.49557168386291,4.88710767558424,4.1716091530222,10.4771556472843
3.61195095239794,3.60494016882449,6.71497365135709,6.62382404618482,9.47275567720588
7.08671743449315,3.72760043643513,3.82869113707748,5.25500187965199,6.54044667207366
4.32149685458156,1.6087363093053,3.94922981236889,6.93222809805421,10.1150232832234
3.14442834608196,3.54941706209378,5.09881725958545,7.48305955588556,8.91946934251666
5.53325936275365,2.04801311441059,2.8733348041751,3.54170680668389,8.37463069683903
5.3102302560609,4.52029364053883,4.19665204642026,7.22985937151593,7.92186146178601
3.6461656642774,3.74169721243652,6.67933547494749,5.99742650938976,9.35848253013549
3.05704358641805,3.69251284206784,7.57306344480606,6.52589542135328,10.788108242392
4.88369748284139,4.90399060134616,6.67442598721825,7.6352633153001,11.2760420798972
6.13939629170942,4.2744539707272,4.08296088906979,6.94277954799253,11.2926545183908
5.63612403518215,2.41114158597786,4.99397246092879,5.29174386169332,8.37172318242026
4.50706257583802,4.07574771485824,5.08303724427015,6.69388450084548,9.70525206142715
4.16581176841562,2.52181190096306,2.86485881047842,5.34092537550036,6.06303871133
5.27106675675055,2.94306494876366,5.03691204551304,7.44885188518799,9.27569700148755
5.15735334721616,5.0693716329821,3.75036275135718,4.7514875721209,4.82820118378166
5.62971174669273,4.76121442732262,3.27878907367378,7.02575497723187,7.642114083445
4.6042020497111,4.72775814055351,6.10679160567522,8.01627855013064,11.6812793520094
5.8993540532031,2.65928989770875,3.45209254601634,3.30718235737298,5.82182578072125
4.16918847266375,1.86781198792532,4.43872040152481,6.59372645537803,8.79090540595915
4.66945529988004,2.42346522601183,3.20252812359762,5.48091942036996,7.51298629339524
5.7408145237259,4.23031216750975,4.85734128534729,6.4733697689466,8.24530022802307
5.98997160862711,2.91244063124678,5.27689018311868,5.95832547459497,8.32166876765196
3.06149529854662,1.91894326486803,5.58243507694858,6.81730405820621,8.46403802914639
5.10719040701615,3.28765539017869,3.1141827816303,6.88855603124335,7.47762181174009
5.60877901173463,4.72760551760419,6.7548873509203,7.31550403161837,9.45009643856766
3.54917568650937,4.57871593456672,7.39388860677519,6.68959791237877,11.1918463530001
5.48062559987522,2.53455377650801,5.11745486611104,5.72367216752397,8.43568991323837
4.1718257296032,2.20253562905402,4.94082580674414,5.93119046335091,8.00868537095159
6.02025301216443,2.36737687071388,4.56808293376404,5.81302781935989,8.6314680166049
5.53848203210264,3.37298306169073,5.06149407334783,6.47023350848899,9.77705639918269
5.76905229499561,4.15735801241337,5.32288124069662,5.59744039942277,6.87312223135375
5.12071932928703,1.52384404642363,4.66570413599274,6.51301281104096,8.72508185245699
5.86364843415775,4.2641072250268,5.74080357500246,5.5024379541341,7.52713562484568
6.38051452831454,3.09130336809366,4.00296551240057,4.57985882594689,6.13105782661783
6.96624801545563,3.47990456496914,6.17106587518029,6.7054230491099,9.07160888069116
4.97160494525094,1.85526295318985,4.4760244835349,6.36498311956753,9.27371161908497
2.7509489096676,3.50806094697754,2.48002578079225,6.92363258207809,8.9816065543048
5.03152600459399,3.04230800935628,4.55203674663924,6.86522778132023,8.16117753173913
5.20556120844997,4.48222298577404,5.56202994557942,6.72642531584937,10.1917151566362
4.8446546528556,4.57477765153874,6.80456595905302,7.39850115338483,11.1955613269232
5.56828862077707,3.76460387301521,4.81976293675838,5.30715728609491,6.84676208754581
6.01067796451427,4.8010087922696,1.9084458216568,4.86580848822749,6.29602449469795
4.48201756983218,3.13998352930498,4.80594254280896,4.97640091402227,6.9386999301296
4.70590467284389,4.60076579192076,3.18541128491032,6.21265509784799,9.28340486131212
5.39784220880034,3.34470730756918,3.2278712093407,6.64735715221742,8.04853687528704
4.44977625851086,2.99772502627033,3.24375173831147,6.84261376182991,9.33040756785335
5.09126738348824,4.39599982328437,3.69686947920058,7.69763184842289,9.04888751192254
3.0382924011147,5.46961261051509,7.0703916672451,7.21020122923887,10.8167091010973
3.88010027860238,4.71422033260414,3.8778246587845,6.16061529936412,9.21766840978926
3.67224452439587,3.38892318725897,4.29890763850002,5.49189768087429,7.32318710317127
4.14637630327276,3.28629947486307,5.14724866783893,6.51910044105203,7.74194160673869
4.30669547206933,5.0856672051852,6.45241519833617,6.66635708572506,9.20555431486809
5.38230514254637,3.73813486365384,3.75331694305364,5.79858845434393,7.88664859272171
5.98211300252264,4.03494007856433,3.46858826560126,5.44850618634228,6.65201395445748
4.27261647091246,3.37951307506195,4.08811090730166,5.11427869932585,7.42702947305331
4.00316101762199,5.06008663117805,3.40096079318334,5.28621011562736,8.66317255140234
3.95831114101049,3.00375151273466,6.23686607996334,7.85492300074262,9.96037737007028
4.58541127363633,4.24972813877573,1.67671032862249,6.13958360340325,8.04843932836502
4.76097093184744,2.75453375487766,3.90749630742218,5.56923275271168,7.06104023960059
5.48361753383827,0.892339723262751,2.14959829527286,3.87709962322056,5.56341858303465
4.67867515783161,2.25343994197085,1.70103754133622,5.7860353594067,6.04575304246027
2.92151073113998,4.25984197986817,5.24373698292812,5.92823678923901,8.99118327202474
4.90856572444986,4.41035303229087,7.23262158816032,6.66055464172553,8.82146495682157
6.18718681065156,1.39254187370972,6.73276379165846,6.01164709451544,9.344317691159
6.19160126851033,1.89109515052738,3.51075976977341,6.58633362674762,8.75422048969164
4.21103678188877,5.50123496200885,4.14809616424065,6.37876440988459,8.86237426848184
3.45222345636243,3.53043361326801,4.20439206832846,5.98222243520876,10.4246857138848
7.45806049186527,3.26828198437102,5.43669857155164,8.6785855619196,7.4343178652397
4.83757805752058,3.02179126136651,0.885086536106857,6.67323586719835,6.09257790469862
4.90254874989438,3.23065248988018,5.12076627263131,6.38273104567859,9.31537356188838
5.42057418869815,3.46107194999579,4.09776409268332,5.4026274097739,8.21534536414193
3.38596054338088,3.99517367978474,3.97547422518392,7.37472686929838,9.64771304893804
4.27178088880871,3.52590552231532,1.8789386480458,4.8780770693614,8.41548049529528
3.45955759470999,3.49233623644326,4.69617716958556,6.18021283767667,10.7297615321905
4.3069053859894,0.660067494404455,1.97938915757846,6.24850424631841,5.93188018615077
5.11884943300456,5.33300067043234,5.00916087582566,6.14001211661277,8.10964247014947
3.63529054201309,5.69983704563911,3.96732945927377,6.08286515182823,7.13694771807315
5.58998267936731,2.22192345447057,4.56427070254084,6.45823826495479,7.24448743969451
5.28934402881734,3.24508926924483,5.3848679051398,6.43396470878855,9.04193508958444
4.09578497437936,5.14653981239869,4.40200507490598,6.18302912108684,9.00561088221181
5.22632494238106,4.43039254033788,3.34701245536952,5.95723671441427,6.78114291300389
5.74808116249384,4.55217726999762,3.9030010725801,6.51917597718978,8.21345650475515
6.06109525326174,2.10992450586168,3.40623413306825,6.29415246325341,6.69791976867993
4.78715172135347,6.14112257979193,2.96318188518256,7.65990748569922,8.64609786578327
4.90636320608895,2.39463107840299,3.45231285998781,5.45780931141823,7.60566105878959
4.91328586501808,4.27993058237787,4.61488900531824,7.65088238943797,8.88355877067447
6.44146175605504,3.20883745362918,4.18385638993702,4.64368771969205,5.87709488941713
6.12507189227799,2.75876811435457,4.98936704314242,5.51713370373111,7.33789655643304
5.83440156775704,2.87026373149187,6.49319290924554,5.05161664660715,8.92979035494638
4.71265920015931,2.5948054274212,5.18282848158508,6.47608664809463,8.45021204089907
5.37324143416641,5.01068736550689,7.15929735181416,7.24635908832159,9.72802385479374
5.4032903312207,3.46852612839654,3.73789642249592,4.71493796404848,5.99534037882549
3.95832670571068,4.07171993750117,7.04301159976907,6.71507420274732,9.86159742215113
3.27169548467926,4.22812418765726,6.03357766717311,5.62538900401473,9.495948497921
5.64183002765162,2.93228023864365,2.80600420379776,6.35458552146043,6.59445400610702
3.47068946881958,2.82477191459908,5.50636888559476,4.69475728061713,8.3295749562496
5.00168368848421,3.7532212031387,2.95619136634396,6.87112920124527,6.81229268805644
5.25024782134833,1.33128620363657,5.8330017708808,6.03023526380924,9.58068414604614
5.56386739030588,1.91227284007262,3.64264159992364,4.79729447225797,9.20419625787847
5.18942623751481,2.36677543380718,4.22243709888893,5.90545976789157,7.56294770946429
4.26714619370287,2.64117727921678,3.73679992941224,5.69102955615531,8.47372255259222
5.98636585989546,3.31127905859844,3.320469541259,5.63030091587943,8.66280633167973
6.73863376690625,4.57689741825287,7.22894911149717,5.27352788789659,8.17134083046177
5.88117880892544,1.7203222132574,5.86357829500395,5.55237492027019,7.9663400999818
3.05634909867602,4.5167712909938,6.23188294438884,6.43897051248539,10.7601622317372
6.39957618540294,3.97967189770016,4.74744429535049,4.82581522167546,6.2744534850688
4.94394405381373,2.527284581567,5.7420018009907,6.5427543425664,8.99166394716342
5.52491427931929,3.28972631468173,5.65729097067829,7.71516897886299,8.92309918778179
5.62203323587106,4.13700093186074,7.18252605197038,7.48001624792059,9.11462083178039
4.9033139267933,3.27349671941462,6.03058708621186,5.59707961331883,9.27320373773509
4.92473680235127,3.30189461204341,4.44729016176755,5.50551149893639,7.86769221623601
6.0191570693309,3.50197967041135,4.30008397527222,5.70461729237222,9.76421359850296
5.71160192248624,3.22650616992086,3.925126790611,6.67863835946668,5.17422391101027
5.99026224604423,2.64726843624751,3.95294308730674,5.95051219128175,8.2009046703793
7.38292669523033,2.64650697197001,3.93451113226766,5.04209621284342,5.71381128738281
5.66441586369409,5.18351503327824,6.76218599983502,5.27987054438252,8.46903275705306
5.20738115738531,4.31145433239044,1.37307152720363,6.41197604191771,5.72077033773055
2.78936688942438,3.24859286034506,4.01611515302259,5.04574275163027,8.99358268541196
7.69171400324612,1.44756817669485,3.86405704696732,6.29375585598711,8.35763861946062
4.51732317820369,3.28482080585628,2.89023703851809,5.99932959223755,8.12696624469961
7.37473471509539,4.11635428641937,6.93989385085689,7.38020823553456,8.29830063280092
5.37464356800499,3.68028604801546,4.39492392048378,7.30545299632457,10.3148085000447
6.53843019889679,2.3369657034903,2.69440312886864,4.33141093535623,5.7338082869682
4.89028967882376,4.41514766417089,3.59130801758606,7.22327200980803,8.62991284394935
5.51147075469813,3.21318838486767,5.96385038829559,7.06437089489542,9.26028371088712
5.21395797964226,2.3151341068159,7.36869042983218,6.14511879083629,9.45552069489692
4.8138793006265,4.01702866402384,4.69406964879124,6.28691569135189,8.64591803286159
4.87960617537751,5.06026095756556,5.18764142839268,7.02558374359537,8.12421737925916
6.01283433584425,3.63061799737955,3.21986495914764,6.68807325383316,8.70204667447555
4.7985418530285,3.75243781523038,6.81805146042406,4.87153006403364,9.57170290595601
2.9623175055592,3.45506161991518,6.15789700667235,7.90080077509541,10.9232504440385
4.80411075117017,4.12716530551848,1.40457798886595,4.42186601079372,6.93698342921422
5.53979060553627,2.26749228344873,3.54130643296058,3.79015568819249,5.22766602763941
5.61645571635144,1.66191426061368,4.05564254012704,6.81187290576142,9.27230440000908
5.61656781747743,3.27167688626302,2.98602535024705,4.4270630810233,6.67191896217184
3.30789847913092,3.97303695046169,4.68993450729638,6.07530258463104,9.56268018122288
5.36874205801119,5.75443291459945,3.35769189709195,5.02028982624229,6.58578204438467
5.96785920994706,1.99329492912398,4.9427772884724,4.24582652329177,6.42486463536208
6.27657868146766,3.28793271890875,5.05517025141387,5.8093514494979,7.37542632749836
4.77503872895588,4.37254147493543,6.156101941606,7.22640853698015,10.8174927939859
4.6781074138172,4.64716061997072,5.62004218482338,6.8559798008368,10.4575446823358
6.48783783187804,3.04292416577726,6.87443400836568,5.84512990980226,10.3195192244395
3.33207195422068,3.25712227230454,4.40955073178043,6.13424390354192,8.87707133047751
4.56317002308688,3.56526494120395,1.62035918656292,5.67914847166752,6.068429377127
5.45746207935745,5.30251736812992,5.0152471129357,6.5241401835984,10.0591749902767
3.38222623461877,4.4680711377902,6.13765000301396,6.14481987592742,8.23639955052464
5.27962786243176,1.3716345687124,3.81194760667289,6.13848722891814,7.70448089453365
6.87786402105219,4.36009992233459,6.72365010164173,5.57985999260502,9.00386645849151
4.99593934656366,4.04172085694598,6.49902024458645,6.95862856100443,8.56816392509042
4.72154597503641,3.54996443565155,5.63050271747409,6.03766236848968,7.38536836917645
5.47491171403405,3.33966286467969,4.78437480925876,5.88300705906253,8.63291183416043
4.72092782921269,3.43393193144279,3.97969966554384,6.81784883318179,10.1314536251545
5.81340037407906,3.51253936873153,4.38945579752496,5.75772745292034,7.03349494715246
5.9044354644497,2.72480242762807,5.22682181598165,5.20739338500388,7.16864597754623
5.00269166123012,3.77620375329097,6.26772199618066,5.30355052090851,7.84295582793444
3.82330784225027,2.92165162250418,4.42057958181659,6.7703674240128,10.5508763650185
3.68177927254091,4.09561309351248,3.96969518551028,3.87650886451437,6.74245512162531
4.40700263434468,4.78473663036304,8.77006889220191,6.61630525482172,10.0929422133476
5.79738050054984,3.76999196348885,5.4737274749654,6.5680143034138,7.8978886996002
3.04179482534308,5.12121122884819,3.95650765251959,4.98669742405326,7.66698061848011
3.11367484126745,2.97502878581715,6.37567167619733,6.40956802802591,9.5494319736551
4.3462201752399,3.75092673190063,5.00323573034589,6.98336438827121,9.86125946377274
5.39439484798058,3.99893184832789,6.03086442283455,4.68004085336445,8.49942281162808
4.08643395183501,2.70606494671621,4.87064007807342,5.24929179486207,8.90014060975867
5.88674903709606,4.79978962592964,4.74931251145722,8.19462776459186,8.48707023330318
5.33336997015518,2.36518099796818,4.69068908524034,5.40375609100855,8.63838891013394
4.82936038176139,3.71571059397742,5.45212372741123,5.40908068827948,5.4557232125632
5.81882813653178,3.40618388939555,3.72297476561367,5.2116552365012,8.26748591781191
5.38836516281937,3.50516075312104,3.73447449313554,5.65162588735858,7.73755050846269
4.55406497278784,3.42335592452018,4.55322483355081,6.38240699996381,8.24108774135379
5.23111493441816,3.88060230682076,5.05437525331602,5.6365793671051,8.72855883568891
5.64751335797759,2.27458150070926,4.01799553850566,6.14560615504978,6.59967341965016
5.35628334486205,2.10375080831816,4.98759696320527,6.76565491300397,8.10139904557153
4.34198979205052,3.0428344242716,3.15252357593016,6.26548521225038,8.08138009494979
5.85520220506419,3.18611523463296,2.45319927513425,6.59572287776049,5.6198236102856
6.15293622555862,4.41086695268946,7.57670555783175,5.99725354138963,9.2855596265724
5.27627455654334,5.00457177290154,5.5560602520442,6.46135341067785,8.86186707902496
5.14410466246219,3.77625006380609,4.19927961010972,6.86061804258873,8.19338137987244
4.92437491922016,3.9042791469271,4.4270488614205,6.30465708448693,7.10297355588625
7.16141584630279,2.60793036246972,5.49465497399038,6.4280828343104,9.26360337177454
5.27631553213579,3.4651584244123,4.41284521249744,6.23256122525655,6.72680295891002
4.84170597130006,2.14294234750819,4.88335790224625,6.23686188813273,7.14630709634965
2.49208219780275,4.54230906955494,4.91044559161515,6.39324027080369,9.07236969582143
3.43471823496947,3.43403094721541,4.24781031993175,5.05288519186116,9.82576425282093
4.92232679938944,3.85798073328372,5.74363281036453,6.61424136261972,9.31688929750132
5.2062940448431,3.09213044739257,4.89511729790764,5.74272043944575,8.49596797949224
5.27687245886161,2.75532252750507,6.57448651075203,7.8352502175401,9.87813067871412
5.82150678044862,3.03443658906337,2.8938441847801,5.35965194646364,7.06899276509351
4.80584759067954,3.19134081216243,4.55486287414834,6.31408194901848,9.14532262271548
6.21458879448256,4.2302015694976,4.38885849302257,4.31959768528185,7.57586190287382
4.07848395713042,3.985662895298,3.37378333985463,5.4450381745717,9.14869864275301
3.79155727955693,4.29502424228614,6.57230813379678,5.8016472075297,8.89229862476284
3.77101382244619,2.62784226746537,4.66742464314166,7.32599357965814,9.33019003752402
5.74229702418652,4.77413260237206,2.77643835108063,5.98149969208271,7.49558887511468
4.91708005766077,3.68424642386253,3.92686401383893,6.28662284031173,8.9649871293396
5.7898179218205,2.4067732200506,2.83454295376537,6.08649433812142,6.81156922843853
4.73229357844292,3.88935857191395,6.43219251794228,6.01712118421378,9.98251338511126
4.40810789778719,4.54800166050872,8.83534074970139,7.30821650321557,10.7600827844061
4.63164742487349,2.22682863423639,3.62870345269982,7.38495385356025,8.31269323051217
3.14738317575827,5.74589201730308,5.25143131407902,7.26659120966412,11.0122017578198
3.83038473958589,3.69285387294587,5.39897292143999,7.07817407736093,7.82366510171357
3.55796535364155,5.05378117455618,9.28781150164741,6.31671607567864,11.6006243879296
6.05432227197535,3.25596463749631,1.08674115931454,5.83045340879843,6.96280836688849
4.4026699086372,3.34677618284212,4.07068233758626,6.40596521477959,8.13247883100543
5.78945985279018,1.42824199753608,2.54162518587027,4.94037844741938,7.05007360525837
6.51649060169196,1.94488060090522,3.97282129052662,6.00507583205071,6.67585602687091
4.80822519089006,3.51619214281555,4.39234621640981,8.15980884428319,9.52399486835386
5.28387890635235,4.24268887321144,3.74910828599147,5.22423634191901,7.38289950833
3.24893248060392,2.14364160166425,7.58543994444437,7.0123098831241,10.9707102033765
4.1813302224802,5.12104204558018,5.52655477906247,5.52331839394413,7.57661723336564
5.05621484938284,4.88212600948812,8.56426473529774,7.36895538099832,10.7815360773242
5.29908690333615,2.26695767308821,5.78060555479034,5.16530970844082,7.53937020226371
4.24060188270112,4.20011999738277,3.09595949181819,6.68476307506608,7.83451324891833
7.6848589992268,1.66090308687775,2.96616979054537,4.42562103281472,6.64619580725714
4.54160986090761,3.51231706303943,5.2551637090642,6.33559978052266,8.41214521837349
5.06424355663004,4.40938967185767,4.03492350565658,7.60796323540148,8.76301678680666
5.64979186715352,4.17340208755272,5.3099760666763,6.20003263568491,8.59811122615031
4.973981365226,2.65863098679872,5.75155640617324,6.15513051474216,8.77428487995488
4.35643261297289,3.30643376163257,5.47418358727556,7.72128291412598,10.6612506960686
6.0453056639633,2.21024472981384,4.22282160862131,8.00125650392676,8.65146896684924
6.6155453232072,3.35488006294275,3.54559181016647,8.51817589367306,8.5405639483004
4.97030602895016,1.94983302688118,2.6129480159434,5.29079183199326,6.07346631190538
5.56226734540307,0.701994354827719,4.78230139931117,4.76750777246181,7.1677385715123
4.90258750149737,4.99903603142365,6.39797079062829,7.36070536572529,9.27129864555301
6.01645521770216,5.46853634768408,4.79830805487952,6.97562210464138,8.95466128470511
3.84383260574015,3.39181667803913,6.06262408993157,7.70337434956225,11.4969951007432
7.32086022399448,3.56484441989655,7.77789215467131,6.85162385386888,8.92578242097604
4.39646875221166,3.67355659062678,7.79229509869883,6.8806971128478,8.36264622004294
3.54115058556191,5.41196862404742,4.53826449060862,8.00629360163156,9.0103060393812
4.64908217280693,4.1594192807273,5.74661832828065,6.64789641132616,8.4033486060069
5.146708484145,3.65965141987265,3.72362548373995,6.78972666248623,9.37874746671275
6.62362120768023,1.21377718593006,5.22324353258989,6.45007065277657,8.3302022935688
5.91120967677132,4.30959277776636,4.67221275503413,6.30279890952862,9.68775942097099
5.14245843204579,3.10640885533941,5.11097393059401,5.69779625465973,8.74830584735394
3.61051647601184,2.51335497248142,3.54690385285664,5.57149098027829,6.56743360545047
4.13396225532789,3.5580146584883,6.72167473422303,4.59342644078369,9.49887630363064
4.83671506777071,3.42220731987648,4.66155388810056,7.49101919769551,8.39374662093909
7.55302611346059,3.79329903862798,3.76716100184251,4.53895817686253,6.13245250335864
3.13977242578158,2.89067224000153,4.84770291321021,5.57005578967203,8.85131701000372
6.13105465184602,2.60303997712775,4.58539536878607,5.70793425615732,7.55018480910363
4.47276574276608,5.14629020555334,7.55632468695886,8.11092059056469,10.7131472849215
6.66599089998742,4.35886849877381,2.98784565731733,6.15985782766184,8.82866353710783
3.8607993600266,5.00497473589438,8.86011311161664,8.02398846650341,13.4075859030262
5.14362323466275,5.11843697494906,3.83625348134843,6.04897171895205,6.99587890821399
3.90044905829725,4.03389626234072,5.28198214304662,8.06875020924821,10.3138667598761
5.90351642636167,2.64706138522172,1.42431969670513,6.09770498064591,7.55097044808476
6.48377948873809,3.610070215242,3.587252813481,6.62689267167653,8.61608651775422
6.95072100640115,3.97350682390558,5.65107791881876,7.32121869537769,7.81047685847449
5.79760065758952,5.67435307419419,5.73936245035923,5.22982507595407,9.57535439896834
6.84326625457782,0.982037790915466,4.73667406307947,5.84728276569829,6.85007611552187
6.24642390866165,3.39930853046832,3.87278473797197,6.30523823880967,7.71708445819454
4.86812508817598,4.19435705641685,2.13357609614939,5.18246072454815,6.87952417887181
5.4770372382847,3.30229017315421,3.0645509996413,5.96719669588442,5.40506782789518
4.02800578852407,2.23377601495767,4.38612238597898,5.27164442929212,8.08437367199222
4.81479783059901,4.29706154290654,5.85479531933218,6.74252595901542,7.27235493391427
6.22096370834882,2.35462514623143,5.67621743776694,4.41979816437787,5.5932838135511
5.54128414348235,3.84347625578581,4.29099674311465,6.50458053850857,8.50179041583589
5.45735733162533,4.27034450653025,4.59461927461716,5.6934710736435,8.30234566211419
3.96186896031279,5.09539632238076,4.92575182052458,7.44251211884771,10.5737190862604
4.39548676966588,2.12349017171467,4.7459688097409,4.0573083490651,8.02299006975604
4.23539398624643,4.81112365230519,7.39207677828804,6.87299337389484,9.76460818597873
5.3952958700135,2.62442988204993,3.49430130966988,5.69690003629551,6.63675525087354
4.00949236953344,2.50813281529101,4.46765198753511,6.98689133355232,9.92802921952254
5.56204139009905,4.64570824888972,4.98063946748309,4.86394104864311,9.1485093507812
3.88358358806646,4.98118489684504,3.1572413565392,5.67203292294267,8.659997415539
6.82853045813536,2.70885759485439,3.00050521770343,6.56826593924555,7.26989818460003
5.4605913494781,4.12136330139491,5.09950871570118,6.99600442516291,8.7945228343584
4.29899638774673,2.84997534225292,5.42325053478457,6.59731798915454,10.9191026689784
5.24104593250122,3.27665464119759,6.41547662037493,6.74238999650476,6.99082795401704
4.64754680077204,3.51201272600751,4.13111095412756,4.47792683799264,8.43840927672009
5.37114795975966,3.1079155575681,6.8413660715228,7.34345444154217,9.77625579067561
5.2435327187603,4.16103892086915,3.54079160433703,6.37105064223101,6.73140685613671
3.98588582733853,5.34156178729439,2.80892677473998,4.40786619900828,7.85070419633947
4.20868612118053,3.28162310086694,1.94192037862497,5.61008019177168,6.11224719024266
5.29959368473956,3.3774634422224,6.3677558760333,7.41555065901035,10.1158217818558
6.63905190875156,4.64504177654003,5.15820664712645,7.17427484802779,8.69615454525407
6.08461700867092,2.84557292687219,4.3185105528074,5.44332757154936,7.58827187170529
4.37543252638191,1.08333207147832,4.06576485124662,6.6799563066186,6.77059016560043
5.82592290164749,3.76620691595368,7.07042578525608,6.22853157944782,9.48152953979164
4.95143164724371,2.62810249471563,6.45321888320966,6.74415717214226,9.12493640594723
5.3013136517184,2.41106749848055,3.06085351021545,6.74932085244705,7.08077665410646
5.26036149073656,4.84270836636389,2.85082655711976,6.54460632729072,6.40995113956208
7.57544976372339,5.17536307789821,6.26793081852102,6.06379153571572,6.99698308959511
3.81471118941278,2.81580410177262,5.69108164587999,7.09601522896246,9.02206049312525
5.10091985901286,4.5007492239629,4.14350292710794,7.77406790844394,10.1654078822458
3.22002271203238,3.93984534802065,5.70265134375489,5.5171780699737,10.0170706339411
5.58983592295876,3.46485668233282,1.64640645803907,5.5844951378698,6.65434890907897
6.0966084717214,4.39325415993998,3.74678464383262,7.22466429224029,9.76356635199771
6.44566224110115,3.27997584611072,5.17765784904058,5.41665316614399,9.33097180851694
3.07485474816288,3.22617822169038,4.91333106249318,4.50155058966435,9.38045969491445
5.41276949719403,2.90576027609893,2.70111715066273,5.34633257870948,5.67517507956668
6.59336995138365,3.70812426988378,6.09011234379047,7.53622526950947,10.6089008500059
4.5859841369577,1.28825742705279,6.24993000231729,4.76888048166205,8.47288495172221
4.78784946791805,4.65888954147306,3.57059625334775,5.98611903862236,7.62054656090033
4.96346277779526,1.94381106782918,4.26885229982056,6.89382958329609,8.83349595003589
5.36501875143304,3.41242543738847,5.80303191208369,6.42924605669265,9.03306919935726
5.66515987574597,3.11009305968425,5.91232724166874,6.92028209953796,8.65636066675007
6.31782088371148,4.3977232209109,3.91886392862762,7.8714682324798,9.05290720211067
4.90451240955501,3.71749559219013,3.50413771804312,6.98401620799014,7.80022950876372
5.19627804547247,3.54305572126347,5.26962976163673,6.91309347390765,8.44805523223153
7.48799787722146,3.45173644569216,1.52053345822609,6.23682689377156,5.62918761760552
5.43109892811499,2.54365576537507,3.14176714156647,4.69439683240464,5.98595954448265
5.18875310932983,3.24747521113467,5.86918900585689,7.20669652598862,9.61612352855117
3.65775687471655,5.0802573513928,2.65767746322998,6.70279684406544,8.11988090534716
5.00285604762223,4.18261680669318,3.07579842368668,6.4923830188293,7.48704772583787
4.77867384683312,2.29090113919754,4.26565649843311,6.04068398941955,8.70549208675602
4.98895417019063,4.14127011635369,4.41973714021864,5.0131032053847,5.89600756634227
4.42458235872883,2.29503566777763,2.0495008598264,5.80527423111733,7.40999651390969
4.3131843475573,3.10773389201314,5.58325069450476,7.55860378319533,10.7469017543079
4.27922636817988,4.92715247340304,3.56500441015783,5.66211057268616,8.7823076340063
4.78549548460023,1.31330617917408,4.24208319808125,4.03245915911155,9.45484308358616
6.36813264802863,1.31054601471058,3.94650369450086,7.62658532656765,7.599456620954
6.04908662655933,4.48664668485863,5.81057711999168,5.98030563394127,7.49570307185158
4.64002488205694,2.79319975133026,4.62400404082058,7.25293716947501,9.40855862831454
3.31408354546126,5.24948195494053,5.0887877830995,7.17479393117882,8.12089504392131
4.15541657146405,3.58512482780468,7.39656750445442,8.30498995008442,12.3993036706694
4.54223946675949,4.06510383833508,5.48627197876681,6.39061578801797,8.07443450606117
5.1036380042283,4.28218748836075,5.81209311653502,6.21369756256138,9.40998691355774
4.33739272429919,3.0475703133502,5.5188745786037,8.01722471294478,9.69528736764205
7.00668069083189,2.59340486960383,5.19546056678365,8.3248596388576,6.57801144074408
4.72773246558165,3.16658309067987,6.76943229432172,6.80892118810149,10.157428647382
3.78605552976049,6.68026761709423,5.34847557165017,6.9741585238351,8.54389015306077
4.85873824271749,3.66852559628233,5.18573402266837,7.07048844113366,10.106916993922
3.99462241840659,4.27441369758911,7.99641989109878,6.16808834789365,8.03291414248956
5.15615570727533,3.11239974687645,3.89837913579595,6.5494429847883,8.03044495815706
5.23363361408987,3.18811927311843,6.62968631815864,5.48305883655085,7.90952212135206
5.35558761162838,4.7720783853688,4.00185632195258,6.01861059168591,8.99516431348211
3.37814174087579,3.64767380819987,7.60563932307896,7.4828805035235,10.4651685777222
5.22071129097065,3.45392291546957,3.73561067403386,5.31547662825015,8.37259972396192
5.31045008054165,3.78382713997857,3.54944814384266,6.95085191620463,7.65767789397123
3.57889155249551,3.49460878921347,6.54196152218198,7.00766460639541,10.4730775120587
5.95536563973041,5.17245446425791,6.32996062259849,8.15910479854452,11.3247392958738
5.78417087909434,1.83628912405053,5.23538399293355,8.22641395690234,8.73506124763714
7.29961936115444,4.82140717149929,5.03805096556215,5.90354296298868,9.36956760655437
5.15670298737573,3.1013972149081,5.05449383914271,6.61402249071099,9.75773533822385
5.046733527518,4.84309958859409,8.05159596823117,8.49286811461967,12.5381399521851
5.09658583408244,1.4718468387678,2.30748740787567,5.76594556472307,4.75168158326612
5.0697662309003,4.43515075215836,3.42530320260881,5.5252550918954,7.27885602330372
3.15152722466233,4.93097309757817,3.34820669657824,5.24430616370822,6.56902891276257
3.32887294135776,2.73012114603259,6.35132046626574,7.76266054505405,11.484716365106
4.9224610332088,2.75493781154773,4.30640861375004,8.6586936694787,10.7363437575608
4.4189326194335,3.86784505964017,4.72232418218581,5.24122510326298,7.59666620580939
5.05473652505743,4.62741447127978,7.61086191944205,6.94627876263038,9.74490178878973
2.88879162673947,3.36736320794949,4.2032460580047,4.56752224427878,6.60828730746152
3.50130174547324,3.72548347730473,8.06781916163965,6.83866660215581,11.843659819043
3.89851656106126,5.40179196665896,3.1113300903742,5.96978844380265,9.44267459788245
5.98605822106025,2.07683529283043,6.39036998033826,6.25802750472158,7.2298432383924
3.90150999290988,4.77734098284389,5.61605615235234,9.45386396108411,9.16184131430856
4.20048604642347,4.18862237530786,4.41531966934522,4.89191082823829,9.11756192764378
5.07987381867405,2.37022332584146,4.3342970709945,6.43779146123185,9.70263659587999
4.67725363817489,2.92895606637375,6.7462173658982,8.28393373155215,11.0157305485285
5.14641717866796,4.23935235670181,7.41964908527041,6.13782767287997,9.96242053991017
7.30506198204569,3.05744083809842,1.84515509683089,4.91604667707921,4.83731754603862
3.87539632874176,5.26247937884495,10.3397043700511,7.38863702278021,12.6530502354727
4.6945303600902,2.98985692988136,8.61121296703533,8.04071185449393,10.9960101406969
4.48324055025627,1.94054013854364,3.83061218625968,5.5225480083155,9.92651708971098
6.51239542683245,4.09410829842853,4.54068407292901,5.26942758492529,6.85075997311843
4.23051507710972,3.12222385843295,3.83843528389348,6.11464741314152,5.14695078967823
4.91791309622428,3.64496659795527,4.66955639237437,4.22935918043871,7.98225475699291
5.78713361432271,4.98290172955499,5.9891543746536,5.17035329464419,7.00775879923763
3.9414094640516,3.56716310847332,5.0989072690591,7.38637335472083,10.4888379544293
6.65517581574201,4.55300258267437,4.97268451234636,6.88766863869549,6.72201016787171
5.67576241547425,2.20013162542528,6.69686678553724,4.16055333168041,7.89962433343085
3.92579339046965,4.74777321897534,1.81749425640458,6.60240637852992,8.03004033840347
5.45457780905774,3.61042586915368,3.98621263791166,3.83470042361088,6.53135520405837
4.78669285676693,2.82722060361847,4.92270506892207,5.71552013903597,6.45748598180033
5.31322877199433,2.12602242951205,3.34726809265113,6.1204842552832,6.18094649175238
4.91002480298434,3.60363622269921,6.39549107338779,5.07139450768847,7.9190148270868
6.07051603677834,3.43400995142058,3.93626562401329,7.37303882034799,9.85091490044717
3.64889961429667,4.18277693274568,4.4363113671082,7.50736903492339,9.38564219389848
4.47738330280408,4.19364103139032,6.74095636008271,5.96533367767819,10.8377937252369
4.7508093222446,3.11427163734991,6.00596045685805,7.48905672401364,10.0266810382538
